"","D1","D2","D3","D4","D5","D6","D7","D8","D9","D10","D11","D12","D13","D14","D15","D16","D17","D18","D19","D20","D21","D22","D23","D24","D25","D26","D27","D28","D29","D30","D31","D32","D33","D34","D35","D36","D37","D38","D39","D40"
"1",0,0,1,3,1,2,4,7,8,3,3,3,10,5,7,4,7,7,12,18,6,13,11,11,7,7,4,6,8,8,4,4,5,7,3,4,2,3,0,0
"2",0,1,2,1,2,1,3,2,2,6,10,11,5,9,4,4,7,16,8,6,18,4,12,5,12,7,11,5,11,3,3,5,4,4,5,5,1,1,0,1
"3",0,1,1,3,3,2,6,2,5,9,5,7,4,5,4,15,5,11,9,10,19,14,12,17,7,12,11,7,4,2,10,5,4,2,2,3,2,2,1,1
"4",0,0,2,0,4,2,2,1,6,7,10,7,9,13,8,8,15,10,10,7,17,4,4,7,6,15,6,4,9,11,3,5,6,3,3,4,2,3,2,1
"5",0,1,1,3,3,1,3,5,2,4,4,7,6,5,3,10,8,10,6,17,9,14,9,7,13,9,12,6,7,7,9,6,3,2,2,4,2,0,1,1
"6",0,0,1,2,2,4,2,1,6,4,7,6,6,9,9,15,4,16,18,12,12,5,18,9,5,3,10,3,12,7,8,4,7,3,5,4,4,3,2,1
"7",0,0,2,2,4,2,2,5,5,8,6,5,11,9,4,13,5,12,10,6,9,17,15,8,9,3,13,7,8,2,8,8,4,2,3,5,4,1,1,1
"8",0,0,1,2,3,1,2,3,5,3,7,8,8,5,10,9,15,11,18,19,20,8,5,13,15,10,6,10,6,7,4,9,3,5,2,5,3,2,2,1
"9",0,0,0,3,1,5,6,5,5,8,2,4,11,12,10,11,9,10,17,11,6,16,12,6,8,14,6,13,10,11,4,6,4,7,6,3,2,1,0,0
"10",0,1,1,2,1,3,5,3,5,8,6,8,12,5,13,6,13,8,16,8,18,15,16,14,12,7,3,8,9,11,2,5,4,5,1,4,1,2,0,0
"11",0,1,0,0,4,3,3,5,5,4,5,8,7,10,13,3,7,13,15,18,8,15,15,16,11,14,12,4,10,10,4,3,4,5,5,3,3,2,2,1
"12",0,1,0,0,3,4,2,7,8,5,2,8,11,5,5,8,14,11,6,11,9,16,18,6,12,5,4,3,5,7,8,3,5,4,5,5,4,0,1,1
"13",0,0,2,1,4,3,6,4,6,7,9,9,3,11,6,12,4,17,13,15,13,12,8,7,4,7,12,9,5,6,5,4,7,3,5,4,2,3,0,1
"14",0,0,0,0,1,3,1,6,6,5,5,6,3,6,13,3,10,13,9,16,15,9,11,4,6,4,11,11,12,3,5,8,7,4,6,4,1,3,0,0
"15",0,1,2,1,1,1,4,1,5,2,3,3,10,7,13,5,7,17,6,9,12,13,10,4,12,4,6,7,6,10,8,2,5,1,3,4,2,0,2,0
"16",0,1,1,0,1,2,4,3,6,4,7,5,5,7,5,10,7,8,18,17,9,8,12,11,11,11,14,6,11,2,10,9,5,6,5,3,4,2,2,0
"17",0,0,0,0,2,3,6,5,7,4,3,2,10,7,9,11,12,5,12,9,13,19,14,17,5,13,8,11,5,10,9,8,7,5,3,1,4,0,2,1
"18",0,0,0,1,2,1,4,3,6,7,4,2,12,6,12,4,14,7,8,14,13,19,6,9,12,6,4,13,6,7,2,3,6,5,4,2,3,0,1,0
"19",0,0,2,1,2,5,4,2,7,8,4,7,11,9,8,11,15,17,11,12,7,12,7,6,7,4,13,5,7,6,6,9,2,1,1,2,2,0,1,0
"20",0,1,2,0,1,4,3,2,2,7,3,3,12,13,11,13,6,5,9,16,9,19,16,11,8,9,14,12,11,9,6,6,6,1,1,2,4,3,1,1
"21",0,1,1,3,1,4,4,1,8,2,2,3,12,12,10,15,13,6,5,5,18,19,9,6,11,12,7,6,3,6,3,2,4,3,1,5,4,2,2,0
"22",0,0,2,3,2,3,2,6,3,8,7,4,6,6,9,5,12,12,8,5,12,10,16,7,14,12,5,4,6,9,8,5,6,6,1,4,3,0,2,0
"23",0,0,0,3,4,5,1,7,7,8,2,5,12,4,10,14,5,5,17,13,16,15,13,6,12,9,10,3,3,7,4,4,8,2,6,5,1,0,1,0
"24",0,1,1,1,1,3,3,2,6,3,9,7,8,8,4,13,7,14,11,15,14,13,5,13,7,14,9,10,5,11,5,3,5,1,1,4,4,1,2,0
"25",0,1,1,1,2,3,5,3,6,3,7,10,3,8,12,4,12,9,15,5,17,16,5,10,10,15,7,5,3,11,5,5,6,1,1,1,1,0,2,1
"26",0,0,2,1,3,3,2,7,4,4,3,8,12,9,12,9,5,16,8,17,7,11,14,7,13,11,7,12,12,7,8,5,7,2,2,4,1,1,1,0
"27",0,0,1,2,4,2,2,3,5,7,10,5,5,12,3,13,4,13,7,15,9,12,18,14,16,12,3,11,3,2,7,4,8,2,2,1,3,0,1,1
"28",0,0,1,1,1,5,1,5,2,2,4,10,4,8,14,6,15,6,12,15,15,13,7,17,4,5,11,4,8,7,9,4,5,3,2,5,4,3,2,1
"29",0,0,2,2,3,4,6,3,7,6,4,5,8,4,7,7,6,11,12,19,20,18,9,5,4,7,14,8,4,3,7,7,8,3,5,4,1,3,1,0
"30",0,0,0,1,4,4,6,3,8,6,4,10,12,3,3,6,8,7,17,16,14,15,17,4,14,13,4,4,12,11,6,9,5,5,2,5,2,1,0,1
"31",0,1,1,0,3,2,4,6,8,6,2,3,11,3,14,14,12,8,8,16,13,7,6,9,15,7,6,4,10,8,10,4,2,6,5,5,2,3,2,1
"32",0,0,2,3,3,4,5,3,6,7,10,5,10,13,14,3,8,10,9,9,19,15,15,6,8,8,11,5,5,7,3,6,6,4,5,2,2,3,0,0
"33",0,1,2,2,2,3,6,6,6,7,6,3,11,12,13,15,15,10,14,11,11,8,6,12,10,5,12,7,7,11,5,8,5,2,5,5,2,0,2,1
"34",0,0,2,1,3,5,6,7,5,8,9,3,12,10,12,4,12,9,13,10,10,6,10,11,4,15,13,7,3,4,2,9,7,2,4,2,1,2,1,1
"35",0,0,1,2,4,1,5,5,2,3,4,8,8,12,5,15,9,17,7,19,14,18,12,17,14,4,13,13,8,11,5,6,6,2,3,5,2,1,1,1
"36",0,0,0,3,1,3,6,4,3,4,8,3,4,8,3,11,5,7,10,5,15,9,16,17,16,3,8,9,8,3,3,9,5,1,6,5,4,2,2,0
"37",0,1,2,2,2,5,5,1,4,6,3,6,5,9,6,7,4,7,16,7,16,13,9,16,12,6,7,9,10,3,6,4,5,4,6,3,4,3,2,1
"38",0,1,1,2,3,1,5,1,2,2,5,7,6,6,5,10,6,7,17,13,15,16,17,14,4,4,10,10,10,11,9,9,5,4,4,2,1,0,1,0
"39",0,1,0,3,2,4,1,1,5,9,10,7,12,10,9,15,12,13,13,6,19,9,10,6,13,5,13,6,7,2,5,5,2,1,1,1,1,3,0,1
"40",0,1,1,3,1,1,5,5,3,7,2,2,3,12,4,6,8,15,16,16,15,4,14,5,13,10,7,10,6,3,2,3,6,3,3,5,4,3,2,1
"41",0,0,0,2,2,1,3,4,5,5,6,5,5,12,13,5,7,5,11,15,18,7,9,10,14,12,11,9,10,3,2,9,6,2,2,5,3,0,0,1
"42",0,0,1,3,3,1,2,1,8,9,2,8,10,3,8,6,10,13,11,17,19,6,4,11,6,12,7,5,5,4,4,8,2,6,6,4,2,2,0,0
"43",0,1,1,3,4,5,2,1,3,7,9,6,10,5,8,15,11,12,15,6,12,16,6,4,14,3,12,9,6,11,5,8,5,5,6,1,2,1,2,0
"44",0,0,1,3,1,4,3,6,7,8,5,7,11,3,6,11,6,10,6,19,18,14,6,10,7,9,8,5,8,3,10,2,5,1,5,4,2,1,0,1
"45",0,1,1,3,3,4,4,6,3,4,9,9,7,6,8,15,12,15,6,11,6,18,5,14,15,12,9,8,3,6,10,6,8,7,2,5,4,3,1,1
"46",0,1,2,2,4,3,1,4,8,9,5,10,10,3,4,6,7,11,16,6,14,9,11,10,10,7,10,8,8,4,5,8,4,4,5,2,4,1,1,0
"47",0,0,2,3,4,5,4,6,2,9,7,4,9,10,8,11,16,12,15,17,19,10,18,13,15,11,8,4,7,11,6,7,6,5,1,3,1,0,0,0
"48",0,1,1,3,1,4,6,2,8,2,10,3,11,9,13,15,5,15,6,10,10,5,14,15,12,7,4,5,11,4,6,9,5,6,1,1,2,1,2,1
"49",0,0,1,3,2,5,1,2,7,6,6,3,12,9,4,14,4,6,12,9,12,7,11,7,16,8,13,6,7,6,10,7,6,3,1,5,4,3,0,0
"50",0,0,1,2,3,4,5,7,5,4,10,5,12,12,5,4,7,9,18,16,16,10,15,15,10,4,3,7,5,9,4,6,2,4,1,4,2,2,2,1
"51",0,1,2,1,1,3,5,3,6,3,10,10,11,10,13,10,13,6,6,14,5,4,5,5,9,4,12,7,7,4,7,9,3,3,6,3,4,1,2,0
"52",0,1,2,2,3,5,2,4,5,6,8,3,5,4,3,15,15,12,16,7,20,15,12,8,9,6,12,5,8,3,8,5,4,1,3,2,1,3,1,0
"53",0,0,0,2,4,4,5,3,3,3,10,4,4,4,14,11,15,13,10,14,11,17,9,11,11,7,10,12,10,10,10,8,7,5,2,2,4,1,2,1
"54",0,0,2,1,1,4,4,7,2,9,4,10,12,7,6,6,11,12,9,15,15,6,6,13,5,12,9,6,4,7,7,6,5,4,1,4,2,2,2,1
"55",0,1,2,1,1,4,5,4,4,5,9,7,10,3,13,13,8,9,17,16,16,15,12,13,5,12,10,9,11,9,4,5,5,2,2,5,1,0,0,1
"56",0,0,1,3,2,3,6,4,5,7,2,4,11,11,3,8,8,16,5,13,16,5,8,8,6,9,10,10,9,3,3,5,3,5,4,5,3,3,0,1
"57",0,1,1,2,2,5,1,7,4,2,5,5,4,6,6,4,16,11,14,16,14,14,8,17,4,14,13,7,6,3,7,7,5,6,3,4,2,2,1,1
"58",0,1,1,1,4,1,6,4,6,3,6,5,6,4,14,13,13,9,12,19,9,10,15,10,9,10,10,7,5,6,8,6,6,4,3,5,2,1,1,1
"59",0,0,0,1,4,5,6,3,8,7,9,10,8,6,5,12,15,5,10,5,8,13,18,17,14,9,13,4,10,11,10,8,8,6,5,5,2,0,2,0
"60",0,0,1,0,3,2,5,4,8,2,9,3,3,10,12,9,14,11,13,8,6,18,11,9,13,11,8,5,5,2,8,5,3,5,4,1,3,1,1,0
